Number,Tickers,Company Name
1,evj,Eaton Vance New Jersey Municipal Income Trust
2,avy,Avery Dennison Corporation
3,bwld,"Buffalo Wild Wings, Inc."
4,pes,Pioneer Energy Services
5,tfx,Teleflex Inc.
6,forr,"Forrester Research, Inc."
7,omcl,"Omnicell, Inc."
8,nvax,"Novavax, Inc."
9,fra,BlackRock Floating Rate Income Strategies Fund
10,wti,"W&T Offshore, Inc."
11,pzza,"Papa John's International, Inc."
12,kfy,Korn/Ferry International
13,mpa,BlackRock MuniYield Pennsylvania Quality Fund
14,pbh,"Prestige Brands Holdings, Inc."
15,sfnc,Simmons First National Corporation
16,csgp,"CoStar Group, Inc."
17,ryaay,Ryanair Holdings PLC
18,ibcp,Independent Bank Corporation
19,teso,Tesco Corporation
20,phm,"PulteGroup, Inc."
21,nbo,Neuberger Berman New York Intermediate Municipal Fund
22,bios,"BioScrip, Inc."
23,erj,Embraer S.A.
24,vlo,Valero Energy Corporation
25,avd,American Vanguard Corporation
26,cde,"Coeur Mining, Inc."
27,xel,Xcel Energy Inc
28,alny,"Alnylam Pharmaceuticals, Inc."
29,ffic,Flushing Financial Corporation
30,sr,"Spire, Inc."
31,sky,Skyline Corp.
32,tef,Telefonica S.A.
33,bpop,"Popular, Inc."
34,msb,Mesabi Trust
35,tv,"Grupo Televisa, S.A."
36,ecl,Ecolab Inc.
37,aeis,"Advanced Energy Industries, Inc."
38,ueps,"Net 1 UEPS Technologies, Inc."
39,sigm,"Sigma Designs, Inc."
40,sasr,"Sandy Spring Bancorp, Inc."
41,bhp,BHP Billiton Limited
42,mcs,Marcus Corporation
43,mos,The Mosaic Company
44,rdy,Dr. Reddy's Laboratories Limited
45,lpsn,"LivePerson, Inc."
46,ncs,NCI Building Systems Inc.
47,cik,Credit Suisse Asset Management Income Fund
48,ssl,Sasol Limited
49,cb,Chubb Ltd
50,lgnd,Ligand Pharmaceuticals Incorporated
51,fcf,First Commonwealth Financial Corporation
52,bam,Brookfield Asset Management Inc.
53,hes,Hess Corporation
54,hig,Hartford Financial Services Group Inc.
55,vly,Valley National Bancorp
56,gil,Gildan Activewear Inc.
57,fve,"Five Star Senior Living, Inc."
58,shw,The Sherwin-Williams Company
59,ccrn,"Cross Country Healthcare, Inc."
60,entg,"Entegris, Inc."
61,becn,"Beacon Roofing Supply, Inc."
62,do,Diamond Offshore Drilling Inc.
63,ubsh,Union Bankshares Corporation
64,apog,"Apogee Enterprises, Inc."
65,ottr,Otter Tail Corporation
66,celg,Celgene Corporation
67,bcor,"Blucora, Inc."
68,tnh,Terra Nitrogen Co. LP
69,imgn,"ImmunoGen, Inc."
70,thc,Tenet Healthcare Corporation
71,anss,"ANSYS, Inc."
72,mchx,"Marchex, Inc."
73,dzsi,"DASAN Zhone Solutions, Inc."
74,wdfc,WD-40 Company
75,rmd,ResMed Inc.
76,crm,"Salesforce.com, Inc."
77,fico,Fair Isaac Corporation
78,rbc,Regal Beloit Corporation
79,swks,"Skyworks Solutions, Inc."
80,all,Allstate Corporation
81,ely,Callaway Golf Company
82,dave,"Famous Dave's of America, Inc."
83,drq,"Dril-Quip, Inc."
84,dst,DST Systems Inc.
85,mstr,MicroStrategy Incorporated
86,lby,Libbey Inc.
87,vgz,Vista Gold Corp.
88,tgc,"Tengasco, Inc"
89,sify,Sify Technologies Limited
90,mitk,Mitek Systems Inc.
91,acxm,Acxiom Corporation
92,gab,Gabelli Equity Trust
93,nxp,Nuveen Select Tax-Free Income Portfolio
94,ttek,"Tetra Tech, Inc."
95,ntwk,NetSol Technologies Inc.
96,dlx,Deluxe Corporation
97,cp,Canadian Pacific Railway Limited
98,nvec,NVE Corporation
99,pch,Potlatch Corporation (Holding Company)
100,acta,Actua Corporation
101,sm,SM Energy Company
102,auo,AU Optronics Corp.
103,ste,Steris Corporation
104,ges,Guess? Inc.
105,cxw,"CoreCivic, Inc."
106,kelya,"Kelly Services, Inc."
107,ango,"AngioDynamics, Inc."
108,jpm,JPMorgan Chase & Co.
109,jkhy,"Jack Henry & Associates, Inc."
110,bdc,Belden Inc.
111,myd,BlackRock MuniYield Fund
112,sbny,Signature Bank
113,dwdp,DowDuPont Inc.
114,wynn,"Wynn Resorts, Limited"
115,ktf,DWS Municipal Income Trust
116,ntgr,"NETGEAR, Inc."
117,calm,"Cal-Maine Foods, Inc."
118,idxx,"IDEXX Laboratories, Inc."
119,rost,"Ross Stores, Inc."
120,mhf,Western Asset Municipal High Income Fund
121,ggg,Graco Inc.
122,df,Dean Foods Company
123,sah,Sonic Automotive Inc.
124,sbac,SBA Communications Corporation
125,azpn,Aspen Technology Inc.
126,clm,Cornerstone Strategic Value Fund
127,mtu,"Mitsubishi UFJ Financial Group, Inc."
128,nqp,Nuveen Pennsylvania Investment Quality Municipal Fund
129,apri,"Apricus Biosciences, Inc"
130,cent,Central Garden & Pet Company
131,tkc,Turkcell Iletisim Hizmetleri A.S.
132,dar,Darling Ingredients Inc.
133,faro,"FARO Technologies, Inc."
134,cnmd,CONMED Corporation
135,safm,"Sanderson Farms, Inc."
136,ayi,"Acuity Brands, Inc. (Holding Company)"
137,pag,"Penske Automotive Group, Inc."
138,rock,"Gibraltar Industries, Inc."
139,jrs,Nuveen Real Estate Income Fund
140,acgl,Arch Capital Group Ltd.
141,svu,SUPERVALU Inc.
142,cake,The Cheesecake Factory Incorporated
143,cbs,CBS Corporation
144,rigl,"Rigel Pharmaceuticals, Inc."
145,oclr,"Oclaro, Inc."
146,esio,"Electro Scientific Industries, Inc."
147,utsi,"UTStarcom, Inc."
148,sgmo,"Sangamo Therapeutics, Inc."
149,alex,"Alexander & Baldwin, Inc."
150,nke,Nike Inc.
151,cato,The Cato Corporation
152,ew,Edwards Lifesciences Corp
153,klic,"Kulicke and Soffa Industries, Inc."
154,ntp,Nam Tai Property Inc.
155,ori,Old Republic International Corporation
156,rga,"Reinsurance Group of America, Incorporated"
157,hun,Huntsman Corporation
158,avk,Advent Claymore Convertible Securities&Income Fund
159,wat,Waters Corporation
160,brkr,Bruker Corporation
161,pso,Pearson plc
162,gel,"Genesis Energy, L.P."
163,caa,"CalAtlantic Group, Inc."
164,fis,"Fidelity National Information Services, Inc."
165,mms,"MAXIMUS, Inc."
166,evv,Eaton Vance Limited Duration Income Fund
167,wea,Western Asset Premier Bond Fund
168,bcv,Bancroft Fund
169,bsx,Boston Scientific Corporation
170,ipcc,Infinity Property and Casualty Corporation
171,mac,Macerich Co.
172,bro,Brown & Brown Insurance
173,gern,Geron Corporation
174,wen,The Wendy's Company
175,k,Kellogg Company
176,nim,Nuveen Select Maturities Municipal Fund
177,dpz,"Domino's Pizza, Inc."
178,deo,Diageo plc
179,ftek,"Fuel Tech, Inc."
180,shlm,"A. Schulman, Inc."
181,ntap,"NetApp, Inc."
182,prgs,Progress Software Corporation
183,vmo,Invesco Municipal Opportunity Trust
184,bym,BlackRock Municipal Income Quality Trust
185,crus,"Cirrus Logic, Inc."
186,hibb,"Hibbett Sports, Inc."
187,wwe,"World Wrestling Entertainment, Inc."
188,teva,Teva Pharmaceutical Industries Limited
189,tcbk,Trico Bancshares
190,ha,"Hawaiian Holdings, Inc."
191,ess,"Essex Property Trust, Inc."
192,sam,Boston Beer Co.
193,low,"Lowe's Companies, Inc."
194,cbl,"CBL & Associates Properties, Inc."
195,sup,Superior Industries International Inc.
196,hon,"Honeywell International, Inc."
197,rgc,Regal Entertainment Group
198,apd,"Air Products and Chemicals, Inc."
199,ed,Consolidated Edison Inc.
200,tyl,"Tyler Technologies, Inc."
201,wabc,Westamerica Bancorporation
202,ups,"United Parcel Service, Inc."
203,enb,Enbridge Inc.
204,rig,Transocean Ltd.
205,eep,Enbridge Energy Partners L.P.
206,bdx,"Becton, Dickinson and Company"
207,zion,Zions Bancorporation
208,bgt,BlackRock Floating Rate Income Trust
209,mdr,"McDermott International, Inc."
210,nhi,National Health Investors Inc.
211,clh,"Clean Harbors, Inc."
212,adc,Agree Realty Corporation
213,gbci,"Glacier Bancorp, Inc."
214,aos,A. O. Smith Corporation
215,axas,Abraxas Petroleum Corporation
216,ghl,"Greenhill & Co., Inc."
217,otex,Open Text Corporation
218,lll,L3 Technologies
219,itub,Itau Unibanco Holding S.A.
220,he,Hawaiian Electric Industries Inc.
221,chfc,Chemical Financial Corporation
222,ctrp,"Ctrip.com International, Ltd."
223,mgrc,McGrath RentCorp
224,kmx,CarMax Group
225,gnw,"Genworth Financial, Inc."
226,acls,"Axcelis Technologies, Inc."
227,de,Deere & Company
228,pii,Polaris Industries Inc.
229,crai,"CRA International,Inc."
230,phk,PIMCO High Income Fund
231,emms,Emmis Communications Corporation
232,tjx,TJX Companies Inc.
233,apu,AmeriGas Partners LP
234,trst,TrustCo Bank Corp NY
235,bgc,General Cable Corporation
236,dakt,"Daktronics, Inc."
237,scon,Superconductor Technologies Inc.
238,win,"Windstream Holdings, Inc."
239,rev,"Revlon, Inc."
240,mni,The McClatchy Company
241,phg,Koninklijke Philips NV
242,ozrk,Bank of the Ozarks
243,paas,Pan American Silver Corp.
244,bpl,Buckeye Partners L.P.
245,bldp,"Ballard Power Systems, Inc."
246,mrcy,"Mercury Systems, Inc."
247,mic,Macquarie Infrastructure Corp
248,bax,Baxter International Inc
249,fisv,"Fiserv, Inc."
250,csl,Carlisle Companies Inc
251,ry,Royal Bank of Canada
252,nvln,"Novelion Therapeutics, Inc."
253,schl,Scholastic Corporation
254,merc,Mercer International Inc.
255,stmp,Stamps.com Inc.
256,eqr,Equity Residential
257,xec,Cimarex Energy Co.
258,nus,Nu Skin Enterprises Inc.
259,fmbi,"First Midwest Bancorp, Inc."
260,sigi,"Selective Insurance Group, Inc."
261,arw,Arrow Electronics Inc
262,rol,Rollins Inc.
263,trq,Turquoise Hill Resources Ltd.
264,ufcs,United Fire Group
265,mov,"Movado Group, Inc."
266,bsac,Banco Santander-Chile
267,wsbc,"WesBanco, Inc."
268,boh,Bank of Hawaii Corporation
269,cwco,Consolidated Water Co. Ltd.
270,ceva,"CEVA, Inc."
271,swz,Swiss Helvetia Fund
272,gsh,Guangshen Railway Company Limited
273,ati,Allegheny Technologies Incorporated
274,mosy,"MoSys, Inc."
275,sph,Suburban Propane Partners LP
276,lway,"Lifeway Foods, Inc."
277,syk,Stryker Corporation
278,vod,Vodafone Group Plc
279,gww,"W.W. Grainger, Inc."
280,ccmp,Cabot Microelectronics Corporation
281,dni,Dividend&Income Fund
282,smg,The Scotts Miracle-Gro Company
283,lbai,"Lakeland Bancorp, Inc."
284,sbcf,Seacoast Banking Corporation of Florida
285,elgx,Endologix Inc
286,emkr,EMCORE Corporation
287,cw,Curtiss-Wright Corporation
288,gpn,Global Payments Inc.
289,trmb,"Trimble, Inc."
290,wex,WEX Inc.
291,nbl,"Noble Energy, Inc."
292,alks,Alkermes plc
293,ai,Arlington Asset Investment Corporation
294,kof,"Coca-Cola FEMSA, S.A.B. De C.V."
295,ghc,Graham Holdings Company
296,symc,Symantec Corporation
297,cobz,CoBiz Financial Inc.
298,apa,Apache Corporation
299,flr,Fluor Corporation
300,pets,"PetMed Express, Inc."
301,iim,Invesco Value Municipal Income Trust
302,htlf,"Heartland Financial USA, Inc."
303,gbx,"The Greenbrier Companies, Inc."
304,ihg,InterContinental Hotels Group PLC
305,thff,First Financial Corporation Indiana
306,mdp,Meredith Corporation
307,tvty,"Tivity Health, Inc."
308,odp,Office Depot Inc.
309,nvg,Nuveen Dividend Advantage Municipal Income Fund
310,gold,Randgold Resources Limited
311,nsu,Nevsun Resources Ltd.
312,peg,Public Service Enterprise Group Inc.
313,sonc,Sonic Corp.
314,denn,Denny's Corporation
315,baf,BlackRock Municipal Income Investment QualityTrust
316,io,ION Geophysical Corporation
317,ffiv,"F5 Networks, Inc."
318,wts,"Watts Water Technologies, Inc."
319,emn,Eastman Chemical Co.
320,dsu,Blackrock Debt Strategies Fund
321,tmo,Thermo Fisher Scientific Inc.
322,enz,"Enzo Biochem, Inc."
323,gpc,Genuine Parts Company
324,bce,BCE Inc.
325,hxl,Hexcel Corporation
326,crs,Carpenter Technology Corp
327,ois,Oil States International Inc.
328,blk,"BlackRock, Inc."
329,rog,Rogers Corporation
330,muj,BlackRock MuniHoldings New Jersey Quality Fund
331,vmi,"Valmont Industries, Inc."
332,pki,"PerkinElmer, Inc."
333,bxmx,Nuveen S&P 500 Buy-Write Income Fund
334,skm,"SK Telecom Co., Ltd."
335,csgs,"CSG Systems International, Inc."
336,vsh,Vishay Intertechnology Inc.
337,bhk,BlackRock Core Bond Trust
338,mgee,MGE Energy Inc.
339,cnc,Centene Corporation
340,iep,Icahn Enterprises L.P.
341,tcbi,"Texas Capital Bancshares, Inc."
342,adtn,"ADTRAN, Inc."
343,swk,"Stanley Black & Decker, Inc."
344,mth,Meritage Homes Corporation
345,krg,Kite Realty Group Trust
346,enx,Eaton Vance New York Municipal Bond Fund
347,hsbc,HSBC Holdings PLC
348,ccu,Compania Cervecerias Unidas S.A.
349,ajrd,"Aerojet Rocketdyne Holdings, Inc"
350,iex,IDEX Corporation
351,eqt,EQT Corporation
352,cern,Cerner Corporation
353,r,"Ryder System, Inc."
354,belfb,Bel Fuse Inc.
355,hpq,HP Inc.
356,synt,"Syntel, Inc."
357,bzh,"Beazer Homes USA, Inc."
358,icui,"ICU Medical, Inc."
359,cbm,Cambrex Corporation
360,pfs,"Provident Financial Services, Inc."
361,mnro,"Monro, Inc."
362,ixys,IXYS Corporation
363,wso,"Watsco, Inc."
364,air,AAR Corporation
365,txrh,"Texas Roadhouse, Inc."
366,scl,Stepan Co.
367,cub,Cubic Corporation
368,kmb,Kimberly-Clark Corporation
369,alog,Analogic Corporation
370,mck,McKesson Corporation
371,atrs,Antares Pharma Inc.
372,rdc,Rowan Companies plc
373,swm,Schweitzer-Mauduit International Inc.
374,wor,"Worthington Industries, Inc."
375,hrs,Harris Corporation
376,hbio,"Harvard Bioscience, Inc."
377,nuv,Nuveen Municipal Value Fund
378,wash,"Washington Trust Bancorp, Inc."
379,trn,Trinity Industries Inc.
380,ix,Orix Corporation
381,staa,STAAR Surgical Company
382,len,Lennar Corporation
383,rcs,"PIMCO Strategic Income Fund, Inc"
384,ch,Aberdeen Chile Fund
385,clf,"Cleveland-Cliffs, Inc."
386,audc,AudioCodes Ltd.
387,axp,American Express Company
388,fss,Federal Signal Corporation
389,rrc,Range Resources Corporation
390,chl,China Mobile Limited
391,mmc,"Marsh & McLennan Companies, Inc."
392,indb,Independent Bank Corp.
393,cci,Crown Castle International Corp.
394,wiw,Western Asset/Claymore Inflation-Linked Opportunities&Income Fund
395,mchp,Microchip Technology Incorporated
396,adi,Analog Devices Inc.
397,ghm,Graham Corporation
398,lub,"Luby's, Inc."
399,biib,Biogen Inc.
400,powi,"Power Integrations, Inc."
401,flo,"Flowers Foods, Inc."
402,ngg,National Grid plc
403,amsc,American Superconductor Corporation
404,ftf,Franklin Templeton Duration Income Trust
405,ame,Ametek Inc.
406,prgo,Perrigo Company
407,dva,DaVita HealthCare Partners Inc.
408,cno,"CNO Financial Group, Inc."
409,cac,Camden National Corp.
410,anf,Abercrombie & Fitch
411,sgu,Star Gas Partners LP.
412,endp,Endo International plc
413,hzo,MarineMax Inc.
414,tues,Tuesday Morning Corp.
415,anip,"ANI Pharmaceuticals, Inc."
416,pgr,Progressive Corporation
417,mbi,MBIA Inc.
418,oiim,O2Micro International Limited
419,awf,AllianceBernstein Global High Income Fund
420,hpi,John Hancock Preferred Income Fund
421,etn,Eaton Corp. plc
422,brks,"Brooks Automation, Inc."
423,gf,New Germany Fund
424,ssys,"Stratasys, Inc."
425,rgld,"Royal Gold, Inc."
426,andv,Andeavor
427,els,"Equity Lifestyle Properties, Inc."
428,hcp,"HCP, Inc."
429,prgx,"PRGX Global, Inc."
430,gt,Goodyear Tire & Rubber Co.
431,mue,BlackRock MuniHoldings Qualty Fund II
432,msa,MSA Safety Inc
433,eng,ENGlobal Corporation
434,aezs,"AEterna Zentaris, Inc."
435,ddf,Delaware Investments Dividend&Income Fund
436,bkh,Black Hills Corporation
437,es,Eversource Energy
438,mcn,Madison Covered Call & Equity Strategy Fund
439,msex,Middlesex Water Company
440,bp,BP p.l.c.
441,dhy,Credit Suisse High Yield Bond Fund
442,mgm,MGM Resorts International
443,mdc,"M.D.C. Holdings, Inc."
444,tech,Bio-Techne Corp.
445,fcbc,"First Community Bancshares, Inc."
446,geo,"The GEO Group, Inc."
447,vrsn,"VeriSign, Inc."
448,tecd,Tech Data Corporation
449,psb,"PS Business Parks, Inc."
450,unfi,"United Natural Foods, Inc."
451,egp,EastGroup Properties Inc.
452,rtix,"RTI Surgical, Inc."
453,bmo,Bank of Montreal
454,mgf,MFS Government Markets Income Trust
455,kbal,"Kimball International, Inc."
456,lamr,Lamar Advertising Company
457,cprt,"Copart, Inc."
458,evm,Eaton Vance California Municipal Bond Fund
459,uhal,Amerco
460,fc,Franklin Covey Company
461,are,Alexandria Real Estate Equities Inc.
462,bco,The Brink's Company
463,rrd,R.R. Donnelley & Sons Company
464,cuz,Cousins Properties Inc.
465,cbi,Chicago Bridge & Iron Company
466,ctxs,"Citrix Systems, Inc."
467,bto,John Hancock Financial Opportunity Fund
468,afl,Aflac Incorporated
469,fmo,Fiduciary/Claymore MLP Opportunity Fund
470,evn,Eaton Vance Municipal Income Trust
471,plce,"The Children's Place Retail Stores, Inc."
472,pool,Pool Corporation
473,cers,Cerus Corporation
474,wba,"Walgreens Boots Alliance, Inc."
475,pten,"Patterson-UTI Energy, Inc."
476,oxm,Oxford Industries Inc.
477,hdb,HDFC Bank Limited
478,lmnx,Luminex Corporation
479,din,"Dine Brands Global, Inc."
480,mtrx,Matrix Service Company
481,skx,Skechers USA Inc.
482,bbk,BlackRock Municipal Bond Trust
483,abr,"Arbor Realty Trust, Inc."
484,baby,Natus Medical Incorporated
485,cmc,Commercial Metals Company
486,ueic,Universal Electronics Inc.
487,gol,GOL Linhas AÃ©reas Inteligentes S.A.
488,efii,"Electronics for Imaging, Inc."
489,exr,"Extra Space Storage, Inc."
490,cray,Cray Inc
491,mant,ManTech International Corporation
492,ulti,"Ultimate Software Group, Inc. (The)"
493,nxq,Nuveen Select Tax-Free Income Portfolio 2
494,an,AutoNation Inc
495,gis,"General Mills, Inc."
496,lanc,Lancaster Colony Corporation
497,seac,"SeaChange International, Inc."
498,htd,John Hancock Tax-Advantaged Dividend Income Fund
499,mxim,"Maxim Integrated Products, Inc."
500,conn,"Conn's, Inc."
501,etm,Entercom Communications Corporation
502,tex,Terex Corporation
503,emci,"EMC Insurance Group, Inc."
504,nrg,"NRG Energy, Inc."
505,vcel,Vericel Corporation
506,amn,AMN Healthcare Services Inc
507,wft,Weatherford International Ltd.
508,stt,State Street Corporation
509,pdt,John Hancock Premium Dividend Fund
510,crh,"CRH, plc"
511,kep,Korea Electric Power Corporation
512,bhe,Benchmark Electronics Inc
513,cmco,Columbus McKinnon Corporation
514,kwr,Quaker Chemical Corporation
515,hurn,Huron Consulting Group Inc.
516,myc,BlackRock MuniYield California Fund
517,hsy,The Hershey Company
518,ksu,Kansas City Southern
519,dov,Dover Corp
520,eric,LM Ericsson Telephone Company
521,bkmu,Bank Mutual Corporation
522,wlb,Westmoreland Coal Co
523,hei,HEICO Corporation
524,bns,The Bank of Nova Scotia
525,sgf,Singapore Fund
526,iqi,Invesco Quality Municipal Income Trust
527,mgln,"Magellan Health Services, Inc."
528,cvgi,"Commercial Vehicle Group, Inc."
529,amx,America Movil SA de CV
530,zf,Virtus Total Return Fund Inc
531,ctbi,"Community Trust Bancorp, Inc."
532,eslt,Elbit Systems Ltd.
533,rgs,Regis Corporation
534,prsc,The Providence Service Corporation
535,tdw,"Tidewater, Inc."
536,fbc,"Flagstar Bancorp, Inc."
537,bmi,"Badger Meter, Inc."
538,wtm,"White Mountains Insurance Group, Ltd."
539,schn,"Schnitzer Steel Industries, Inc."
540,relx,RELX PLC
541,nvo,Novo Nordisk A/S
542,ocfc,OceanFirst Financial Corp.
543,ufs,Domtar Corporation
544,sptn,SpartanNash Company
545,mlr,Miller Industries Inc.
546,halo,"Halozyme Therapeutics, Inc."
547,ppg,"PPG Industries, Inc."
548,caty,Cathay General Bancorp
549,jnpr,Juniper Networks
550,ugi,UGI Corporation
551,nak,Northern Dynasty Minerals Ltd
552,msd,Morgan Stanley Emerging Markets Debt Fund
553,vki,Invesco Advantage Municipal Income Trust II
554,prft,"Perficient, Inc."
555,skt,"Tanger Factory Outlet Centers, Inc."
556,jpc,Nuveen Preferred Income Opportunities Fund
557,oled,Universal Display Corporation
558,abc,AmerisourceBergen Corporation
559,oke,"ONEOK, Inc."
560,cif,MFS Intermediate High Income Fund
561,utg,Reaves Utility Income Fund
562,eoi,Eaton Vance Enhanced Equity Income Fund
563,cmtl,Comtech Telecommunications Corp.
564,mrk,Merck & Co Inc.
565,alk,"Alaska Air Group, Inc."
566,matw,Matthews International Corporation
567,egy,"VAALCO Energy, Inc."
568,fmc,FMC Corporation
569,bdn,Brandywine Realty Trust
570,mod,Modine Manufacturing Company
571,kbh,KB Home
572,qtm,Quantum Corporation
573,bgcp,"BGC Partners, Inc."
574,vfc,V.F. Corporation
575,lxp,Lexington Realty Trust
576,cal,"Caleres, Inc."
577,hos,"Hornbeck Offshore Services, Inc."
578,cck,Crown Holdings Inc.
579,elp,Companhia Paranaense de Energia (COPEL)
580,xl,XL Group plc
581,hog,"Harley-Davidson, Inc."
582,ev,Eaton Vance Corporation
583,wtw,"Weight Watchers International, Inc."
584,rio,Rio Tinto plc
585,stm,STMicroelectronics NV
586,sybt,"Stock Yards Bancorp, Inc."
587,swir,"Sierra Wireless, Inc."
588,tif,Tiffany & Co.
589,aaba,"Altaba, Inc."
590,irm,Iron Mountain Inc.
591,lndc,Landec Corporation
592,cetv,Central European Media Enterprises Ltd.
593,bpfh,"Boston Private Financial Holdings, Inc."
594,lmt,Lockheed Martin
595,mlhr,"Herman Miller, Inc."
596,tmk,Torchmark Corporation
597,pml,PIMCO Municipal Income Fund II
598,zixi,Zix Corporation
599,atu,Actuant Corporation
600,usa,Liberty All-Star Equity Fund
601,vicr,Vicor Corporation
602,bbby,Bed Bath & Beyond Inc.
603,akam,"Akamai Technologies, Inc."
604,unm,Unum Group
605,nycb,New York Community Bancorp Inc.
606,akr,Acadia Realty Trust
607,ft,Franklin Universal Trust
608,snhy,Sun Hydraulics Corporation
609,hsii,"Heidrick & Struggles International, Inc."
610,ksm,DWS Strategic Municipal Income Trust
611,msf,Morgan Stanley Emerging Markets Fund
612,tol,Toll Brothers Inc.
613,flc,Flaherty&Crumrine/Claymore Total Return Fund
614,uthr,United Therapeutics Corporation
615,ecf,Ellsworth Fund
616,pxlw,"Pixelworks, Inc."
617,ainv,Apollo Investment
618,antm,"Anthem, Inc."
619,amswa,"American Software, Inc."
620,azo,"AutoZone, Inc"
621,rjf,Raymond James Financial Inc.
622,rdwr,Radware Ltd.
623,vgr,Vector Group Ltd.
624,mktx,"MarketAxess Holdings, Inc."
625,rt,"Ruby Tuesday, Inc."
626,pmm,Putnam Managed Municipal Income Trust
627,mca,BlackRock MuniYield California Insured Fund
628,uis,Unisys Corporation
629,gatx,GATX Corp.
630,xper,Xperi Corporation
631,expo,"Exponent, Inc."
632,wrld,World Acceptance Corporation
633,nad,Nuveen Quality Municipal Income Fund
634,pir,Pier 1 Imports Inc.
635,aep,American Electric Power Company Inc
636,tdy,Teledyne Technologies Inc
637,cah,Cardinal Health Inc.
638,epc,Edgewell Personal Care
639,quik,QuickLogic Corporation
640,syna,Synaptics Incorporated
641,cig,Companhia Energtica de Minas Gerais - CEMIG
642,ttc,Toro Company
643,son,Sonoco Products Co.
644,gam,General American Investors
645,pru,"Prudential Financial, Inc."
646,mini,"Mobile Mini, Inc."
647,cm,Canadian Imperial Bank of Commerce
648,tk,Teekay Corporation
649,spxc,SPX Corporation
650,flex,Flex Ltd..
651,lzb,La-Z-Boy Incorporated
652,agn,Allergan plc
653,pfo,Flaherty&Crumrine Preferred Income Opportunity Fund
654,glt,Glatfelter
655,fii,Federated Investors Inc.
656,mrvl,"Marvell Technology Group, Ltd."
657,sne,Sony Corporation
658,sppi,"Spectrum Pharmaceuticals, Inc."
659,tcf,TCF Financial Corporation
660,gd,General Dynamics Corporation
661,cpst,Capstone Turbine Corporation
662,crf,Cornerstone Total Return Fund
663,ida,"IDACORP, Inc."
664,aa,"Alcoa, Inc."
665,mco,Moody's Corporation
666,stx,Seagate Technology
667,abx,Barrick Gold Corporation
668,snbr,Sleep Number Corporation
669,jps,Nuveen Preferred & Income Securities Fund
670,tpx,Tempur Sealy International Inc.
671,hni,HNI Corporation
672,mci,Barings Corporate Investors
673,fmx,"Fomento Economico Mexicano, S.A.B. De C.V."
674,scd,LMP Capital and Income Fund Inc.
675,cgi,"Celadon Group, Inc."
676,ingr,"Ingredion, Inc."
677,iff,International Flavors & Fragrances Inc.
678,wia,Western Asset/Claymore Inflation-Linked Securities&Income Fund
679,mmm,3M Company
680,aaon,"AAON, Inc."
681,nvs,Novartis AG
682,etg,Eaton Vance Tax-Advantaged Global Dividend Income Fund
683,chd,Church & Dwight Co Inc.
684,urbn,"Urban Outfitters, Inc."
685,nav,Navistar International Corporation
686,evf,Eaton Vance Senior Income Trust
687,intu,Intuit Inc.
688,csbk,Clifton Bancorp Inc.
689,vbf,Invesco Bond Fund
690,tile,Interface Inc.
691,miy,BlackRock MuniYield Michigan Quality Fund
692,cohu,"Cohu, Inc."
693,see,Sealed Air Corporation
694,meoh,Methanex Corporation
695,cri,"Carter's, Inc."
696,duk,Duke Energy Corporation
697,immr,Immersion Corporation
698,dltr,"Dollar Tree, Inc."
699,coo,The Cooper Companies Inc.
700,jack,Jack In The Box Inc.
701,fe,FirstEnergy Corp
702,pega,Pegasystems Inc.
703,hlf,Herbalife Ltd.
704,evc,Entravision Communications Corporation
705,pep,PepsiCo Inc.
706,orbk,Orbotech Ltd.
707,rpt,Ramco Gershenson Properties Trust
708,hban,Huntington Bancshares Incorporated
709,wr,"Westar Energy, Inc."
710,wdc,Western Digital Corporation
711,whr,Whirlpool Corporation
712,grc,The Gorman-Rupp Company
713,isca,International Speedway Corporation
714,ash,Ashland Inc.
715,tap,Molson Coors Brewing Company
716,alb,Albemarle Corporation
717,lee,"Lee Enterprises, Incorporated"
718,bbva,"Banco Bilbao Vizcaya Argentaria, S.A."
719,bti,British American Tobacco p.l.c. (American Depository Receipts)
720,nro,Neuberger Berman Real Estate Securities Income Fund
721,evg,Eaton Vance Short Duration Diversified Income Fund
722,aciw,"ACI Worldwide, Inc."
723,cbd,Companhia Brasileira de Distribuio
724,lpx,Louisiana-Pacific Corporation
725,iart,Integra LifeSciences Holdings Corporation
726,mhd,BlackRock MuniHoldings Fund
727,leo,Dreyfus Strategic Municipals
728,icad,"iCAD, Inc."
729,pmx,PIMCO Municipal Income Fund III
730,udr,"UDR, Inc."
731,alxn,"Alexion Pharmaceuticals, Inc."
732,nr,Newpark Resources Inc.
733,ebay,eBay Inc.
734,ael,American Equity Investment Life Holding Company
735,sgms,Scientific Games Corp
736,rci,Rogers Communications Inc.
737,recn,"Resources Connection, Inc."
738,isrg,"Intuitive Surgical, Inc."
739,dspg,"DSP Group, Inc."
740,cpsi,"Computer Programs and Systems, Inc."
741,uba,Urstadt Biddle Properties Inc.
742,mas,Masco Corporation
743,nfx,Newfield Exploration Co.
744,pnr,Pentair Inc.
745,aee,Ameren Corporation
746,mbfi,MB Financial Inc.
747,iivi,II-VI Incorporated
748,chh,"Choice Hotels International, Inc."
749,msfg,"MainSource Financial Group, Inc."
750,spgi,S&P Global Inc.
751,azn,AstraZeneca Group plc
752,nrt,North European Oil Royalty Trust
753,prkr,"ParkerVision, Inc."
754,penn,"Penn National Gaming, Inc."
755,caci,CACI International Inc
756,tgb,Taseko Mines Limited
757,rtec,"Rudolph Technologies, Inc."
758,holx,"Hologic, Inc."
759,joe,St Joe Co.
760,pbct,"People's United Financial, Inc."
761,sf,Stifel Financial Corporation
762,hql,Tekla Life Sciences Investors
763,ffg,FBL Financial Group Inc.
764,bbt,BB&T Corporation
765,mcri,"Monarch Casino & Resort, Inc."
766,wmt,Walmart Inc.
767,aoi,"Alliance One International, Inc."
768,sxt,Sensient Technologies Corporation
769,dhf,Dreyfus High Yield Strategies Fund
770,enlc,"EnLink Midstream, LLC"
771,crr,CARBO Ceramics Inc.
772,ryn,Rayonier Inc.
773,hsic,"Henry Schein, Inc."
774,amkr,"Amkor Technology, Inc."
775,bac,Bank of America Corporation
776,bny,BlackRock New York Municipal Income Trust
777,rl,Ralph Lauren Corporation
778,lgi,Lazard Global Total Return&Income Fund
779,pfg,"Principal Financial Group, Inc."
780,nca,Nuveen California Municipal Value Fund
781,ncr,NCR Corporation
782,gff,Griffon Corporation
783,vdsi,"VASCO Data Security International, Inc."
784,mvis,"Microvision, Inc."
785,idti,"Integrated Device Technology, Inc."
786,drrx,Durect Corporation
787,cien,Ciena Corporation
788,jll,Jones Lang Lasalle Inc.
789,depo,Depomed Inc.
790,apt,"Alpha Pro Tech, Ltd"
791,mpx,Marine Products Corporation
792,mar,"Marriott International, Inc."
793,bobe,"Bob Evans Farms, Inc."
794,icb,Morgan Stanley Income Securities
795,anh,Anworth Mortgage Asset Corporation
796,puk,Prudential plc
797,rbcaa,Republic Bancorp Inc Ky
798,vvi,Viad Corp
799,vmc,Vulcan Materials Company
800,pnw,Pinnacle West Capital Corporation
801,sjw,SJW Corp.
802,wec,"WEC Energy Group, Inc."
803,bsd,BlackRock Strategic Municipal Trust
804,nflx,"Netflix, Inc."
805,seic,SEI Investments Company
806,mav,Pioneer Municipal High Income Advantage Trust
807,cae,CAE Inc.
808,ltbr,Lightbridge Corp
809,voxx,VOXX International Corp.
810,tbi,"TrueBlue, Inc."
811,rwt,Redwood Trust Inc
812,iosp,Innospec Inc.
813,muh,BlackRock MuniHoldings Fund II
814,nfj,NFJ Dividend&Premium Strategy Fund
815,iif,Morgan Stanley India Investment Fund
816,mqt,BlackRock MuniYield Quality Fund II
817,siri,Sirius XM Holdings Inc.
818,bfs,Saul Centers Inc.
819,msft,Microsoft Corporation
820,mxwl,"Maxwell Technologies, Inc."
821,ocn,Ocwen Financial Corporation
822,nat,Nordic American Tankers Limited
823,crvl,CorVel Corp.
824,insg,Inseego Corp.
825,rick,"RCI Hospitality Holdings, Inc."
826,teo,Telecom Argentina S.A.
827,infi,"Infinity Pharmaceuticals, Inc."
828,ing,ING Groep N.V.
829,akp,Alliance California Municipal Income Fund
830,kvhi,"KVH Industries, Inc."
831,cns,"Cohen & Steers, Inc."
832,rf,Regions Financial Corporation
833,pds,Precision Drilling Corporation
834,abb,ABB LTD.
835,tbbk,"The Bancorp, Inc."
836,ufpi,"Universal Forest Products, Inc."
837,cutr,"Cutera, Inc."
838,stl,Sterling Bancorp
839,usat,"USA Technologies, Inc."
840,axl,"American Axle & Manufacturing Holdings, Inc."
841,ofg,OFG Bancorp
842,pnm,"PNM Resources, Inc."
843,eqix,"Equinix, Inc."
844,gpk,Graphic Packaging Holding Company
845,crl,"Charles River Laboratories International, Inc."
846,tnc,Tennant Company
847,vgm,Invesco Trust for Investment Grade Municipals
848,tlk,P.T. Telekomunikasi Indonesia
849,scvl,"Shoe Carnival, Inc."
850,abco,The Advisory Board Company
851,pfd,Flaherty&Crumrine Preferred Income Fund
852,eth,Ethan Allen Interiors Inc.
853,ce,Celanese Corporation
854,csq,Calamos Strategic Total Return Fund
855,fr,"First Industrial Realty Trust, Inc."
856,wwd,"Woodward, Inc."
857,klac,KLA-Tencor Corporation
858,ssd,"Simpson Manufacturing Co., Inc."
859,ne,Noble Corporation plc
860,mbt,Mobile TeleSystems
861,nyt,New York Times Co.
862,cffn,Capitol Federal Financial
863,pjc,Piper Jaffray Companies
864,aapl,Apple Inc.
865,tsi,TCW Strategic Income Fund
866,bpt,BP Prudhoe Bay Royalty Trust
867,ful,H.B. Fuller Company
868,omex,"Odyssey Marine Exploration, Inc."
869,chy,Calamos Convertible&High Income Fund
870,cnq,"Canadian Natural Resources, Ltd."
871,vvc,Vectren Corp
872,fl,"Foot Locker, Inc."
873,auy,Yamana Gold Inc.
874,alv,Autoliv Inc.
875,nuan,"Nuance Communications, Inc."
876,dgica,"Donegal Group, Inc."
877,sbs,Companhia de Saneamento Basico do Estado de Sao Paulo-SABESP
878,flws,"1-800 FLOWERS.COM, Inc."
879,au,AngloGold Ashanti Limited
880,tds,"Telephone and Data Systems, Inc."
881,tei,Templeton Emerging Markets Income Fund
882,mus,BlackRock MuniHoldings Quality Fund
883,tho,"Thor Industries, Inc."
884,acet,Aceto Corporation
885,nsc,Norfolk Southern Corporation
886,amtd,TD Ameritrade Holding Corporation
887,exac,"Exactech, Inc."
888,mmu,Western Asset Managed Municipals Portfolio
889,ait,"Applied Industrial Technologies, Inc."
890,jcp,J.C. Penney Company Inc.
891,ato,Atmos Energy Corporation
892,pcti,"PCTEL, Inc."
893,jeq,Japan Equity Fund
894,glad,Gladstone Capital
895,car,"Avis Budget Group, Inc."
896,swn,Southwestern Energy Co.
897,jro,Nuveen Floating Rate Income Opportunity Fund
898,pck,Pimco California Municipal Income Fund II
899,xray,"DENTSPLY SIRONA, Inc"
900,fgp,Ferrellgas Partners L.P
901,mui,BlackRock Muni Intermediate Duration Fund
902,smfg,"Sumitomo Mitsui Financial Group, Inc."
903,fult,Fulton Financial Corporation
904,tyg,Tortoise Energy Infrastructure
905,sap,SAP AG
906,snak,"Inventure Foods, Inc."
907,rpm,RPM International Inc.
908,kfrc,"Kforce, Inc."
909,spg,"Simon Property Group, Inc."
910,jof,Japan Smaller Capitalization Fund
911,rmt,Royce Micro-Cap Trust
912,iret,Investors Real Estate Trust
913,ttm,Tata Motors Limited
914,asg,Liberty All-Star Growth Fund
915,knl,"Knoll, Inc."
916,dmf,Dreyfus Municipal Income
917,dnr,Denbury Resources Inc.
918,svra,Savara Inc.
919,chn,China Fund
920,pdli,"PDL BioPharma, Inc."
921,crzo,"Carrizo Oil & Gas, Inc."
922,met,"MetLife, Inc."
923,ggal,Grupo Financiero Galicia S.A.
924,nice,NICE-Systems Limited
925,arlz,Aralez Pharmaceuticals Inc.
926,cmp,"Compass Minerals International, Inc."
927,ppl,PPL Corporation
928,turn,180 Degree Capital Corp
929,amd,"Advanced Micro Devices, Inc."
930,abm,ABM Industries Incorporated
931,ezpw,"EZCORP, Inc."
932,ffc,Flaherty&Crumrine/Claymore Preferred Securities Income Fund
933,ehi,Western Asset Global High Income Fund
934,ipg,Interpublic Group of Companies Inc.
935,ir,Ingersoll-Rand plc
936,eto,Eaton Vance Tax-Advantaged Global Dividend Opportunities Fund
937,lly,Eli Lilly and Company
938,iboc,International Bancshares Corporation
939,mtg,MGIC Investment Corporation
940,gbl,"Gamco Investors, Inc."
941,amt,American Tower Corporation
942,ipas,iPass Inc.
943,lpl,"LG Display Co., Ltd."
944,lb,"L Brands, Inc."
945,sprt,"Support.com, Inc."
946,srcl,"Stericycle, Inc."
947,wmb,Williams Companies Inc
948,o,Realty Income Corporation
949,hep,"Holly Energy Partners, L.P."
950,bwa,BorgWarner Inc.
951,lxrx,"Lexicon Pharmaceuticals, Inc."
952,qgen,Qiagen N.V.
953,bt,BT Group plc
954,mtw,"Manitowoc Company, Inc."
955,cib,Bancolombia S.A.
956,vivo,Meridian Bioscience Inc.
957,l,Loews Corporation
958,jbht,"J.B. Hunt Transport Services, Inc."
959,chdn,"Churchill Downs, Incorporated"
960,nni,"Nelnet, Inc."
961,ns,NuStar Energy L.P.
962,dmlp,"Dorchester Minerals, L.P."
963,avt,Avnet Inc
964,cog,Cabot Oil & Gas Corporation
965,moh,"Molina Healthcare, Inc."
966,ts,Tenaris S.A.
967,aiz,"Assurant, Inc."
968,renx,RELX N.V.
969,bks,Barnes & Noble Inc
970,ca,CA Inc.
971,hps,John Hancock Preferred Income Fund III
972,cxe,MFS High Income Municipal Trust
973,rnst,Renasant Corporation
974,uht,Universal Health Realty Income Trust
975,enr,"Energizer Holdings, Inc."
976,gs,Goldman Sachs Group Inc.
977,gntx,Gentex Corporation
978,ccoi,"Cogent Communications Group, Inc."
979,ncz,AllianzGI Convertible&Income Fund II
980,pkoh,Park-Ohio Holdings Corp.
981,cytr,CytRx Corporation
982,ul,Unilever Plc
983,mfl,BlackRock MuniHoldings Investment Quality Fund
984,mtem,"Molecular Templates, Inc."
985,hhs,Harte Hanks Inc.
986,ebf,"Ennis, Inc."
987,nsit,"Insight Enterprises, Inc."
988,ntct,"NetScout Systems, Inc."
989,mon,Monsanto Company
990,dal,"Delta Air Lines, Inc."
991,schw,The Charles Schwab Corporation
992,hrl,Hormel Foods Corporation
993,sny,Sanofi
994,vrnt,Verint Systems Inc.
995,med,"Medifast, Inc."
996,on,ON Semiconductor Corporation
997,pnfp,"Pinnacle Financial Partners, Inc."
998,rsg,"Republic Services, Inc."
999,thg,The Hanover Insurance Group
1000,pfe,Pfizer Inc.
1001,sri,"Stoneridge, Inc."
1002,avx,AVX Corp.
1003,tli,"Western Asset Corporate Loan Fund, Inc."
1004,ty,Tri-Continental
1005,pbt,Permian Basin Royalty Trust
1006,bke,"The Buckle, Inc."
1007,oxy,Occidental Petroleum Corporation
1008,che,Chemed Corporation
1009,cmd,Cantel Medical Corporation
1010,uvv,Universal Corporation
1011,ande,"The Andersons, Inc."
1012,fhn,First Horizon National Corporation
1013,sbsi,"Southside Bancshares, Inc."
1014,chi,Calamos Convertible Opportunities&Income Fund
1015,mt,ArcelorMittal
1016,amg,Affiliated Managers Group
1017,leu,Centrus Energy Corp.
1018,vvr,Invesco Senior Income Trust
1019,adbe,Adobe Systems Incorporated
1020,abio,"ARCA biopharma, Inc."
1021,ttec,"TTEC Holdings, Inc."
1022,cbrl,"Cracker Barrel Old Country Store, Inc."
1023,dy,Dycom Industries Inc.
1024,snmx,"Senomyx, Inc."
1025,so,Southern Company
1026,powl,"Powell Industries, Inc."
1027,xlnx,"Xilinx, Inc."
1028,mgpi,"MGP Ingredients, Inc."
1029,nbh,Neuberger Berman Intermediate Municipal Fund
1030,vtr,Ventas Inc.
1031,ohi,"Omega Healthcare Investors, Inc"
1032,tm,Toyota Motor Corporation
1033,mur,Murphy Oil Corporation
1034,pke,Park Electrochemical Corporation
1035,rqi,Cohen&Steers Quality Income Realty Fund
1036,tell,Tellurian Inc.
1037,stld,"Steel Dynamics, Inc."
1038,un,Unilever NV
1039,wire,Encore Wire Corporation
1040,peo,"Adams Natural Resources Fund, Inc."
1041,fcfs,"First Cash Financial Services, Inc."
1042,wgo,"Winnebago Industries, Inc."
1043,wsm,Williams-Sonoma Inc.
1044,fosl,"Fossil, Inc."
1045,arcb,ArcBest Corporation
1046,good,Gladstone Commercial Corporation
1047,bont,"The Bon-Ton Stores, Inc."
1048,kmt,Kennametal Inc.
1049,rmbs,"Rambus, Inc."
1050,ltm,LATAM Airlines Group S.A.
1051,ddr,DDR Corp.
1052,tdf,Templeton Dragon Fund
1053,lcm,Advent/Claymore Enhanced Growth&Income Fund
1054,wy,Weyerhaeuser Co.
1055,mfv,MFS Special Value Trust
1056,ben,Franklin Resources Inc.
1057,ppc,Pilgrim's Pride Corporation
1058,mtn,"Vail Resorts, Inc."
1059,dri,"Darden Restaurants, Inc."
1060,mgi,"MoneyGram International, Inc."
1061,usm,United States Cellular Corporation
1062,star,iStar Inc.
1063,eog,"EOG Resources, Inc."
1064,men,BlackRock Munienhanced Fund
1065,googl,"Alphabet, Inc. Cl A"
1066,fen,First Trust Energy Income&Growth Fund
1067,tgt,Target Corporation
1068,eca,Encana Corporation
1069,brkl,"Brookline Bancorp, Inc."
1070,dte,DTE Energy Company
1071,cme,CME Group Inc.
1072,glv,Clough Global Dividend and Income Fund
1073,cpk,Chesapeake Utilities Corporation
1074,ssb,South State Corporation
1075,hsc,Harsco Corporation
1076,amat,"Applied Materials, Inc."
1077,lm,Legg Mason Inc.
1078,cnty,"Century Casinos, Inc."
1079,spok,"Spok Holdings, Inc."
1080,plxs,Plexus Corp.
1081,pcar,PACCAR Inc.
1082,sbr,Sabine Royalty Trust
1083,fls,Flowserve Corporation
1084,pei,Pennsylvania Real Estate Investment Trust
1085,pld,Prologis
1086,leg,Leggett & Platt Inc.
1087,sjm,J. M. Smucker Company
1088,hd,"Home Depot, Inc."
1089,ead,Wells Fargo Advantage Income Opportunities Fund
1090,wstl,"Westell Technologies, Inc."
1091,snv,Synovus Financial Corp.
1092,cresy,Cresud S.A.C.I.F. y A.
1093,jqc,Nuveen Credit Strategies Income Fund
1094,tzoo,Travelzoo Inc
1095,pcf,Putnam High Income Securities Fund
1096,aaxn,"Axon Enterprise, Inc."
1097,ivc,Invacare Corporation
1098,dbd,Diebold Nixdorf
1099,qdel,Quidel Corporation
1100,pg,The Procter & Gamble Company
1101,rell,"Richardson Electronics, Ltd."
1102,unh,UnitedHealth Group Inc.
1103,incy,Incyte Corporation
1104,pai,Western Asset Income Fund
1105,bbox,Black Box Corporation
1106,myl,Mylan Inc
1107,muc,BlackRock MuniHoldings California Quality Fund
1108,ntrs,Northern Trust Corporation
1109,shoo,"Steven Madden, Ltd."
1110,phd,Pioneer Floating Rate Trust
1111,knd,"Kindred Healthcare, Inc."
1112,dlr,"Digital Realty Trust, Inc."
1113,sjr,Shaw Communications Inc.
1114,aon,Aon Corporation
1115,hlx,"Helix Energy Solutions Group, Inc."
1116,nzf,Nuveen Dividend Nuveen Enhanced Municipal Credit Opportunities Fund
1117,gwr,"Genesee & Wyoming, Inc."
1118,pnk,"Pinnacle Entertainment, Inc."
1119,hmn,Horace Mann Educators Corporation
1120,lcut,"Lifetime Brands, Inc."
1121,sid,Companhia Siderurgica Nacional
1122,pnc,"PNC Financial Services Group, Inc."
1123,www,Wolverine World Wide Inc.
1124,fco,Aberdeen Global Income Fund
1125,tss,"Total System Services, Inc."
1126,viav,Viavi Solutions Inc.
1127,dci,Donaldson Co Inc.
1128,eat,"Brinker International, Inc."
1129,gogl,Golden Ocean Group Limited
1130,npk,National Presto Industries Inc.
1131,bhlb,"Berkshire Hills Bancorp, Inc."
1132,rhp,"Ryman Hospitality Properties, Inc."
1133,pcn,PIMCO Corporate&Income Strategy Fund
1134,pvh,PVH Corp.
1135,viv,"Telefonica Brasil, S.A"
1136,iclr,Icon PLC
1137,cris,"Curis, Inc."
1138,tkr,Timken Co.
1139,hl,Hecla Mining Co.
1140,axe,Anixter International Inc.
1141,nnn,"National Retail Properties, Inc."
1142,expd,"Expeditors International of Washington, Inc."
1143,enlk,"EnLink Midstream Partners, LP"
1144,mli,Mueller Industries Inc
1145,cmo,Capstead Mortgage Corporation
1146,zbh,"Zimmer Biomet Holdings, Inc."
1147,gigm,GigaMedia Limited
1148,nfg,National Fuel Gas Co.
1149,banf,BancFirst Corporation
1150,rad,Rite Aid Corporation
1151,osk,Oshkosh Corporation
1152,sci,Service Corporation International
1153,cvm,Cel-Sci Corporation
1154,htld,"Heartland Express, Inc."
1155,fcn,"FTI Consulting, Inc."
1156,aan,Aaron's Inc.
1157,gef,"Greif, Inc."
1158,rba,Ritchie Bros. Auctioneers Inc.
1159,hmsy,HMS Holdings Corp
1160,nmz,Nuveen Municipal High Income Opportunity Fund
1161,hyt,"BlackRock Corporate High Yield Fund, Inc"
1162,mu,Micron Technology Inc.
1163,arql,"ArQule, Inc."
1164,x,United States Steel Corporation
1165,cot,Cott Corporation
1166,clgx,"CoreLogic, INC."
1167,mpwr,"Monolithic Power Systems, Inc."
1168,lng,"Cheniere Energy, Inc"
1169,amwd,American Woodmark Corporation
1170,anik,Anika Therapeutics Inc.
1171,umh,"UMH Properties, Inc"
1172,awr,American States Water Co.
1173,aeg,AEGON NV
1174,gpi,Group 1 Automotive Inc.
1175,agm,Federal Agricultural Mortgage Corporation
1176,stra,"Strayer Education, Inc."
1177,erc,Wells Fargo Multi-Sector Income Fund
1178,form,"FormFactor, Inc."
1179,emr,Emerson Electric Co.
1180,gco,Genesco Inc.
1181,del,Deltic Timber Corporation
1182,gtxi,"GTx, Inc."
1183,ttmi,"TTM Technologies, Inc."
1184,m,Macy's Inc.
1185,d,"Dominion Energy, Inc."
1186,pq,PetroQuest Energy Inc.
1187,dre,Duke Realty Corp.
1188,praa,"PRA Group, Inc."
1189,dks,"Dick's Sporting Goods, Inc."
1190,rnp,Cohen&Steers REIT&Preferred Income Fund
1191,nvda,NVIDIA Corporation
1192,foe,Ferro Corporation
1193,evt,Eaton Vance Tax-Advantaged Dividend Income Fund
1194,ktos,"Kratos Defense & Security Solutions, Inc."
1195,pht,Pioneer High Income Trust
1196,luv,Southwest Airlines Co.
1197,scs,Steelcase Inc.
1198,colb,"Columbia Banking System, Inc."
1199,cts,CTS Corporation
1200,ng,"NovaGold Resources, Inc"
1201,lscc,Lattice Semiconductor Corporation
1202,cenx,Century Aluminum Company
1203,stfc,State Auto Financial Corporation
1204,bc,Brunswick Corporation
1205,hbhc,Hancock Holding Company
1206,axs,Axis Capital Holdings Limited
1207,ab,AllianceBernstein Holding L.P.
1208,bjri,"BJ's Restaurants, Inc."
1209,eqc,Equity Commonwealth
1210,dhi,D. R. Horton Inc.
1211,ceco,Career Education Corporation
1212,bio,"Bio-Rad Laboratories, Inc."
1213,rcii,Rent-A-Center Inc.
1214,cree,"Cree, Inc."
1215,snn,Smith & Nephew plc
1216,gfi,Gold Fields Limited
1217,bcr,"C. R. Bard, Inc."
1218,tsco,Tractor Supply Company
1219,kmm,Deutsche Multi-Market Income Trust
1220,pdfs,"PDF Solutions, Inc."
1221,mrtn,"Marten Transport, Ltd."
1222,byd,Boyd Gaming Corporation
1223,smp,"Standard Motor Products, Inc."
1224,vtn,Invesco Trust For Investment Grade New York Municipals
1225,ph,Parker-Hannifin Corporation
1226,exc,Exelon Corporation
1227,itgr,Integer Holdings Corporation
1228,rfi,Cohen&Steers Total Return Realty Fund
1229,bbl,BHP Billiton plc
1230,bwinb,"Baldwin & Lyons, Inc."
1231,exp,Eagle Materials Inc.
1232,blw,BlackRock Limited Duration Income Trust
1233,lkq,LKQ Corporation
1234,uvsp,Univest Corporation of Pennsylvania
1235,rs,Reliance Steel & Aluminum Co.
1236,trc,Tejon Ranch Co.
1237,etp,"Energy Transfer Partners, L.P."
1238,dish,DISH Network Corporation
1239,brcd,"Brocade Communications Systems, Inc."
1240,twx,Time Warner Inc.
1241,jwn,Nordstrom Inc.
1242,rht,"Red Hat, Inc."
1243,inod,Innodata Inc.
1244,txt,Textron Inc
1245,laws,"Lawson Products, Inc."
1246,hele,Helen of Troy Limited
1247,ldl,"Lydall, Inc."
1248,sohu,Sohu.com Inc.
1249,edr,EdR
1250,gxp,Great Plains Energy Inc.
1251,bb,BlackBerry Ltd.
1252,mcy,Mercury General Corporation
1253,wll,Whiting Petroleum Corporation
1254,adx,"Adams Diversified Equity Fund, Inc."
1255,san,Banco Santander S.A.
1256,nci,"Navigant Consulting, Inc."
1257,bms,"Bemis Company, Inc."
1258,shen,Shenandoah Telecommunications Co
1259,ggb,Gerdau S.A.
1260,ibkc,IBERIABANK Corporation
1261,ale,"ALLETE, Inc."
1262,oge,OGE Energy Corp.
1263,cbz,"CBIZ, Inc."
1264,lnc,Lincoln National Corporation
1265,rhi,Robert Half International Inc.
1266,syke,"Sykes Enterprises, Incorporated"
1267,wtfc,Wintrust Financial Corporation
1268,ko,The Coca-Cola Company
1269,usph,"U.S. Physical Therapy, Inc."
1270,px,"Praxair, Inc."
1271,bgr,BlackRock Energy&Resources Trust
1272,rtn,Raytheon Company
1273,mtl,Mechel OAO
1274,phi,Philippine Long Distance Telephone Co.
1275,imax,IMAX Corporation
1276,saft,"Safety Insurance Group, Inc."
1277,chke,Cherokee Inc.
1278,ras,RAIT Financial Trust
1279,npo,"EnPro Industries, Inc."
1280,trk,"Speedway Motorsports, Inc."
1281,rli,RLI Corp
1282,fti,TechnipFMC plc
1283,ston,StoneMor Partners L.P.
1284,chkp,Check Point Software Technologies Ltd.
1285,apc,Anadarko Petroleum Corporation
1286,srce,1st Source Corporation
1287,adm,Archer Daniels Midland Co.
1288,atsg,"Air Transport Services Group, Inc"
1289,trib,Trinity Biotech PLC
1290,sqm,Chemical & Mining Co. of Chile Inc.
1291,hix,Western Asset High Income Fund II
1292,nwe,NorthWestern Corporation
1293,kyo,Kyocera Corporation
1294,mkc,"McCormick & Company, Inc."
1295,ibn,ICICI Bank Ltd.
1296,jakk,"JAKKS Pacific, Inc."
1297,matx,"Matson, Inc."
1298,fred,"Fred's, Inc."
1299,bkn,BlackRock Investment Quality Municipal Trust
1300,navg,"The Navigators Group, Inc."
1301,pkx,POSCO
1302,cli,Mack-Cali Realty Corp.
1303,mxf,Mexico Fund
1304,mfm,MFS Municipal Income Trust
1305,imo,Imperial Oil Ltd
1306,cev,Eaton Vance California Municipal Income Trust
1307,nwl,Newell Brands Inc.
1308,ubsi,"United Bankshares, Inc."
1309,ctws,"Connecticut Water Service, Inc."
1310,hgt,Hugoton Royalty Trust
1311,ain,Albany International Corp/DE/
1312,gra,W.R. Grace & Co.
1313,pebo,Peoples Bancorp Inc.
1314,cmu,MFS High Yield Municipal Trust
1315,ofc,Corporate Office Properties Trust
1316,nuva,"NuVasive, Inc."
1317,aap,"Advance Auto Parts, Inc."
1318,md,"Mednax, Inc."
1319,hae,Haemonetics Corp
1320,wsfs,WSFS Financial Corporation
1321,arc,"ARC Document Solutions, Inc."
1322,cpe,Callon Petroleum Co.
1323,ajg,Arthur J.Gallagher & Co.
1324,dnp,DNP Select Income Fund
1325,crmt,"America's Car-Mart, Inc."
1326,syy,Sysco Corporation
1327,ten,Tenneco Inc.
1328,cbsh,Commerce Bancshares Inc
1329,nwn,Northwest Natural Gas Company
1330,hr,Healthcare Realty Trust Inc.
1331,uhs,Universal Health Services Inc.
1332,mye,"Myers Industries, Inc."
1333,usap,"Universal Stainless & Alloy Products, Inc."
1334,cir,"CIRCOR International, Inc."
1335,mzf,Managed Duration Investment Grade Municipal Fund
1336,wcc,"WESCO International, Inc."
1337,cinf,Cincinnati Financial Corporation
1338,wm,"Waste Management, Inc."
1339,sa,Seabridge Gold Inc
1340,gsbc,"Great Southern Bancorp, Inc."
1341,wltw,Willis Towers Watson Public Limited
1342,saia,"Saia, Inc."
1343,bcs,Barclays PLC
1344,asr,"Grupo Aeroportuario del Sureste, S.A.B. de C.V."
1345,lad,"Lithia Motors, Inc."
1346,c,Citigroup Inc.
1347,brs,Bristow Group Inc.
1348,abcb,Ameris Bancorp
1349,nwbi,"Northwest Bancshares, Inc."
1350,smtc,Semtech Corporation
1351,cni,Canadian National Railway Company
1352,qcom,Qualcomm Inc.
1353,fbr,Fibria Celulose S.A.
1354,ravn,"Raven Industries, Inc."
1355,rcl,Royal Caribbean Cruises Ltd.
1356,stz,"Constellation Brands, Inc."
1357,frme,First Merchants Corporation
1358,rusha,"Rush Enterprises, Inc."
1359,mfa,"MFA Financial, Inc."
1360,bmy,Bristol-Myers Squibb Company
1361,tga,Transglobe Energy Corp
1362,mtsc,MTS Systems Corporation
1363,twi,Titan International Inc.
1364,mygn,"Myriad Genetics, Inc."
1365,txn,Texas Instruments Inc.
1366,fwrd,Forward Air Corporation
1367,csco,"Cisco Systems, Inc."
1368,sfe,"Safeguard Scientifics, Inc."
1369,fcel,"FuelCell Energy, Inc."
1370,cag,"ConAgra Brands, Inc."
1371,cwst,"Casella Waste Systems, Inc."
1372,smrt,"Stein Mart, Inc."
1373,cdns,"Cadence Design Systems, Inc."
1374,ofix,Orthofix International N.V.
1375,flir,"FLIR Systems, Inc."
1376,adp,"Automatic Data Processing, Inc."
1377,dgii,Digi International Inc.
1378,dnb,Dun & Bradstreet Corp.
1379,snbc,"Sun Bancorp, Inc."
1380,scsc,"ScanSource, Inc."
1381,immu,"Immunomedics, Inc."
1382,icon,"Iconix Brand Group, Inc."
1383,snps,"Synopsys, Inc."
1384,wrb,W.R. Berkley Corporation
1385,trv,"The Travelers Companies, Inc."
1386,lstr,"Landstar System, Inc."
1387,fdp,Fresh Del Monte Produce Inc.
1388,gim,Templeton Global Income Fund
1389,wst,West Pharmaceutical Services Inc.
1390,mtd,Mettler Toledo International Inc.
1391,cyd,China Yuchai International Limited
1392,camp,CalAmp Corp.
1393,kr,Kroger Co.
1394,abax,"ABAXIS, Inc."
1395,wit,Wipro Limited
1396,myj,BlackRock MuniYield New Jersey Fund
1397,ctsh,Cognizant Technology Solutions Corporation
1398,mhi,Pioneer Municipal High Income Trust
1399,bfk,BlackRock Municipal Income Trust
1400,mcr,MFS Charter Income Trust
1401,mcf,Contango Oil & Gas Company
1402,nwpx,Northwest Pipe Company
1403,bkk,BlackRock Municipal 2020 Term Trust
1404,lfus,"Littelfuse, Inc."
1405,slm,SLM Corporation
1406,gty,Getty Realty Corp.
1407,nok,Nokia Corporation
1408,atvi,"Activision Blizzard, Inc"
1409,lts,Ladenburg Thalmann Financial Services Inc.
1410,umpq,Umpqua Holdings Corporation
1411,aig,American International Group Inc
1412,blx,"Banco Latinoamericano De Comercio Exterior, S.A."
1413,erf,Enerplus Corporation
1414,trmk,Trustmark Corporation
1415,rdn,"Radian Group, Inc."
1416,ctas,Cintas Corporation
1417,gps,"The Gap, Inc."
1418,pery,Perry Ellis International Inc.
1419,wwr,"Westwater Resources, Inc."
1420,plab,"Photronics, Inc."
1421,pbi,Pitney Bowes Inc.
1422,hpt,Hospitality Properties Trust
1423,maa,Mid-America Apartment Communities Inc.
1424,krny,Kearny Financial
1425,gg,Goldcorp Inc.
1426,hov,"Hovnanian Enterprises, Inc."
1427,atge,Adtalem Global Education Inc.
1428,cvco,"Cavco Industries, Inc."
1429,pcq,PIMCO California Municipal Income Fund
1430,cna,CNA Financial Corporation
1431,itg,Investment Technology Group Inc.
1432,lvs,Las Vegas Sands Corp.
1433,iiin,"Insteel Industries, Inc."
1434,a,Agilent Technologies Inc.
1435,casc,"Cascadian Therapeutics, Inc"
1436,tgi,"Triumph Group, Inc."
1437,rrgb,"Red Robin Gourmet Burgers, Inc."
1438,cnxn,"PC Connection, Inc."
1439,dhr,Danaher Corporation
1440,amed,AMEDISYS Inc
1441,hain,"The Hain Celestial Group, Inc."
1442,msi,"Motorola Solutions, Inc."
1443,bel,Belmond Ltd.
1444,cef,Central Fund of Canada
1445,crk,Comstock Resources Inc.
1446,rnr,RenaissanceRe Holdings Ltd.
1447,agys,"Agilysys, Inc."
1448,ge,General Electric Company
1449,ssp,The E.W. Scripps Company
1450,rgen,Repligen Corporation
1451,dxlg,"Destination XL Group, Inc."
1452,cuk,Carnival plc
1453,biol,"Biolase, Inc."
1454,tg,Tredegar Corporation
1455,pol,PolyOne Corporation
1456,lh,Laboratory Corporation of America Holdings
1457,nxr,Nuveen Select Tax-Free Income Portfolio 3
1458,eme,"EMCOR Group, Inc."
1459,arrs,ARRIS International plc
1460,brc,Brady Corporation
1461,jbl,Jabil Inc.
1462,hiw,Highwoods Properties Inc.
1463,pzc,PIMCO California Municipal Income Fund III
1464,ip,International Paper Co.
1465,ads,Alliance Data Systems Corporation
1466,aht,"Ashford Hospitality Trust, Inc."
1467,nl,NL Industries Inc.
1468,cbb,Cincinnati Bell Inc.
1469,tot,TOTAL S.A.
1470,ftr,Frontier Communications Corporation
1471,vale,Vale S.A.
1472,mlm,Martin Marietta Materials Inc.
1473,nee,"NextEra Energy, Inc."
1474,bcrx,"BioCryst Pharmaceuticals, Inc."
1475,pcg,PG&E Corporation
1476,myn,BlackRock MuniYield New York Quality Fund
1477,irs,IRSA Inversiones Y Representaciones S.A.
1478,trex,Trex Co. Inc.
1479,cost,Costco Wholesale Corporation
1480,payx,"Paychex, Inc."
1481,wern,"Werner Enterprises, Inc."
1482,dox,Amdocs Ltd
1483,mdrx,"Allscripts Healthcare Solutions, Inc."
1484,css,CSS Industries Inc.
1485,caj,"Canon, Inc."
1486,scco,Southern Copper Corporation
1487,ble,BlackRock Municipal Income Trust II
1488,fnsr,Finisar Corporation
1489,snp,China Petroleum & Chemical Corporation
1490,bokf,BOK Financial Corporation
1491,lho,LaSalle Hotel Properties
1492,rex,REX American Resources Corporation
1493,itri,"Itron, Inc."
1494,cdr,"Cedar Realty Trust, Inc."
1495,cyh,"Community Health Systems, Inc."
1496,stc,Stewart Information Services Corporation
1497,sbgi,"Sinclair Broadcast Group, Inc."
1498,ltc,LTC Properties Inc.
1499,trow,"T. Rowe Price Group, Inc."
1500,ngs,"Natural Gas Services Group, Inc."
1501,epd,Enterprise Products Partners L.P
1502,np,"Neenah Paper, Inc."
1503,unp,Union Pacific Corporation
1504,td,Toronto-Dominion Bank
1505,blkb,"Blackbaud, Inc."
1506,cy,Cypress Semiconductor Corporation
1507,nrp,Natural Resource Partners LP
1508,cnx,CNX Resources Corporation
1509,abt,Abbott Laboratories
1510,etfc,E*TRADE Financial Corporation
1511,ztr,Zweig Total Return Fund
1512,vkq,Invesco Municipal Trust
1513,cpl,CPFL Energia S.A.
1514,pim,Putnam Master Intermediate Income Trust
1515,eeft,"Euronet Worldwide, Inc."
1516,crnt,Ceragon Networks Ltd.
1517,bak,Braskem S.A.
1518,bid,Sotheby's
1519,alsk,"Alaska Communications Systems Group, Inc."
1520,ccbg,Capital City Bank Group
1521,finl,"The Finish Line, Inc."
1522,wafd,"Washington Federal, Inc."
1523,sfl,Ship Finance International Limited
1524,wmk,Weis Markets Inc
1525,ostk,"Overstock.com, Inc."
1526,myi,BlackRock MuniYield Quality III Fund
1527,nano,Nanometrics Incorporated
1528,vno,Vornado Realty Trust
1529,gsk,GlaxoSmithKline
1530,mksi,"MKS Instruments, Inc."
1531,chk,Chesapeake Energy Corporation
1532,ckh,SEACOR Holdings Inc.
1533,jhi,John Hancock Investors Trust
1534,mvt,BlackRock MuniVest Fund II
1535,cvbf,CVB Financial Corporation
1536,pmo,Putnam Municipal Opportunities Trust
1537,bby,Best Buy Co.
1538,strl,Sterling Construction Company Inc
1539,bk,The Bank of New York Mellon Corporation
1540,infy,"Infosys Limited, Inc."
1541,lnce,"Snyder's-Lance, Inc."
1542,asml,ASML Holding N.V.
1543,shld,Sears Holdings Corporation
1544,etr,Entergy Corporation
1545,paa,"Plains All American Pipeline, L.P."
1546,mtx,Minerals Technologies Inc.
1547,ggt,Gabelli Global Multimedia Trust
1548,aes,The AES Corporation
1549,gild,"Gilead Sciences, Inc."
1550,uri,"United Rentals, Inc."
1551,jdd,Nuveen Diversified Dividend&Income Fund
1552,aeo,"American Eagle Outfitters, Inc."
1553,e,ENI S.p.A.
1554,gtn,"Gray Television, Inc."
1555,ttwo,"Take-Two Interactive Software, Inc."
1556,ba,The Boeing Company
1557,abg,"Asbury Automotive Group, Inc."
1558,mcbc,Macatawa Bank Corporation
1559,jfr,Nuveen Floating Rate Income Fund
1560,mmsi,"Merit Medical Systems, Inc."
1561,manh,"Manhattan Associates, Inc."
1562,snx,SYNNEX Corporation
1563,tsu,TIM ParticipaÃ§Ãµes S.A.
1564,ni,NiSource Inc.
1565,mvf,BlackRock MuniVest Fund
1566,odfl,"Old Dominion Freight Line, Inc."
1567,aem,Agnico Eagle Mines Limited
1568,cwt,California Water Service Group
1569,ric,"Richmont Mines, Inc"
1570,mro,Marathon Oil Corporation
1571,cytk,"Cytokinetics, Incorporated"
1572,neog,Neogen Corporation
1573,avp,"Avon Products, Inc."
1574,vlt,Invesco High Income Trust II
1575,shg,Shinhan Financial Group
1576,hcsg,"Healthcare Services Group, Inc."
1577,ecol,"US Ecology, Inc."
1578,tgna,TEGNA
1579,sji,South Jersey Industries Inc.
1580,umbf,UMB Financial Corporation
1581,wdr,Waddell & Reed Financial Inc
1582,fast,Fastenal Company
1583,t,AT&T Inc.
1584,sbra,"Sabra Healthcare REIT, Inc."
1585,wfc,Wells Fargo & Co.
1586,tco,"Taubman Centers, Inc."
1587,stba,"S&T Bancorp, Inc."
1588,ora,"Ormat Technologies, Inc."
1589,bg,Bunge Limited
1590,fbnc,First Bancorp
1591,jta,Nuveen Tax-Advantaged Total Return Strategy Fund
1592,midd,The Middleby Corporation
1593,idt,IDT Corporation
1594,mcd,McDonald's Corporation
1595,pfl,PIMCO  Income Strategy Fund
1596,tti,Tetra Technologies Inc.
1597,unf,UniFirst Corp.
1598,bbsi,"Barrett Business Services, Inc."
1599,tenx,"Tenax Therapeutics, Inc."
1600,aiv,Apartment Investment & Management Company
1601,bfz,BlackRock California Municipal Income Trust
1602,axti,AXT Inc
1603,ivz,Invesco Ltd.
1604,ssi,"Stage Stores, Inc."
1605,ccj,Cameco Corporation
1606,cva,Covanta Holding Corporation
1607,bfr,BBVA Banco FrancÃ©s S.V.  ADR
1608,avhi,"AV Homes, Inc"
1609,usb,U.S. Bancorp
1610,f,Ford Motor Company
1611,plt,Plantronics Inc.
1612,xoma,XOMA Corporation
1613,msm,MSC Industrial Direct Co. Inc.
1614,omc,Omnicom Group Inc.
1615,aph,Amphenol Corporation
1616,mnta,"Momenta Pharmaceuticals, Inc."
1617,hum,Humana Inc.
1618,swx,Southwest Gas Corporation
1619,sto,Statoil ASA
1620,emf,Templeton Emerging Markets Fund
1621,hmc,"Honda Motor Co., Ltd."
1622,mmp,"Magellan Midstream Partners, L.P."
1623,imkta,"Ingles Markets, Incorporated"
1624,cldx,"Celldex Therapeutics, Inc"
1625,bxs,BancorpSouth Inc
1626,hpf,John Hancock Preferred Income Fund II
1627,wpc,"W.P. Carey, Inc."
1628,mua,BlackRock MuniAssets Fund
1629,diod,Diodes Incorporated
1630,lkfn,Lakeland Financial Corporation
1631,cii,BlackRock Enhanced Capital&Income Fund
1632,efx,Equifax Inc.
1633,gifi,"Gulf Island Fabrication, Inc."
1634,agco,AGCO Corporation
1635,rok,"Rockwell Automation, Inc."
1636,ggp,"GGP, Inc."
1637,aks,AK Steel Holding Corp
1638,ms,Morgan Stanley
1639,rlh,Red Lion Hotels Corporation
1640,atr,AptarGroup Inc.
1641,slf,"Sun Life Financial, Inc."
1642,mdca,MDC Partners Inc.
1643,spn,"Superior Energy Services, Inc."
1644,zeus,"Olympic Steel, Inc."
1645,esrx,"Express Scripts, Inc."
1646,frt,Federal Realty Investment Trust
1647,ter,Teradyne Inc.
1648,lnn,Lindsay Corporation
1649,sivb,SVB Financial Group
1650,jjsf,J & J Snack Foods Corp.
1651,mqy,BlackRock MuniYield Quality Fund
1652,jblu,JetBlue Airways Corporation
1653,lpt,Liberty Property Trust
1654,nc,NACCO Industries Inc.
1655,cbt,Cabot Corporation
1656,srdx,"Surmodics, Inc."
1657,ntes,"NetEase, Inc"
1658,eos,Eaton Vance Enhanced Equity Income Fund II
1659,vsat,"Viasat, Inc."
1660,kopn,Kopin Corporation
1661,nbr,Nabors Industries Ltd.
1662,rvt,Royce Value Trust
1663,re,Everest Re Group Ltd.
1664,ccc,Calgon Carbon Corporation
1665,tsn,Tyson Foods Inc.
1666,wg,"Willbros Group, Inc."
1667,acc,"American Campus Communities, Inc."
1668,nea,Nuveen AMT-Free Quality Municipal Income Fund
1669,bpk,BlackRock Municipal 2018 Term Trust
1670,usna,USANA Health Sciences Inc.
1671,egn,Energen Corporation
1672,myf,BlackRock MuniYield Investment Fund
1673,gib,CGI Group Inc.
1674,prk,Park National Corporation
1675,asna,Ascena Retail Group Inc
1676,iag,IAMGOLD Corporation
1677,fele,"Franklin Electric Co., Inc."
1678,itw,Illinois Tool Works Inc.
1679,cia,"Citizens, Inc."
1680,mtb,M&T Bank Corporation
1681,wcg,"WellCare Health Plans, Inc."
1682,oii,Oceaneering International Inc.
1683,ffin,"First Financial Bankshares, Inc."
1684,eght,8X8 Inc
1685,aste,"Astec Industries, Inc."
1686,wgl,"WGL Holdings, Inc."
1687,aet,"Aetna, Inc."
1688,erie,Erie Indemnity Company
1689,cvo,"Cenveo, Inc."
1690,kgc,Kinross Gold Corporation
1691,lnt,Alliant Energy Corporation
1692,wnc,Wabash National Corporation
1693,cto,Consolidated-Tomoka Land Co
1694,it,Gartner Inc.
1695,ewbc,"East West Bancorp, Inc."
1696,dlb,"Dolby Laboratories, Inc."
1697,utx,United Technologies Corporation
1698,ee,El Paso Electric Co.
1699,fitb,Fifth Third Bancorp
1700,clb,Core Laboratories
1701,wab,Westinghouse Air Brake Technologies Corporation
1702,esnd,Essendant
1703,nwy,"New York & Company, Inc."
1704,kyn,Kayne Anderson MLP Investment
1705,fro,Frontline Ltd.
1706,nbtb,NBT Bancorp Inc.
1707,nls,"Nautilus, Inc."
1708,usg,USG Corporation
1709,hvt,Haverty Furniture Companies Inc.
1710,njr,New Jersey Resources Corporation
1711,mkl,Markel Corporation
1712,neu,NewMarket Corporation
1713,arry,Array BioPharma Inc.
1714,efr,Eaton Vance Senior Floating-Rate Fund
1715,lpnt,"LifePoint Hospitals, Inc."
1716,nvr,"NVR, Inc."
1717,phh,PHH Corporation
1718,ego,Eldorado Gold Corporation
1719,kss,Kohl's Corporation
1720,ht,Hersha Hospitality Trust
1721,casy,"Casey's General Stores, Inc."
1722,ndsn,Nordson Corporation
1723,sxi,Standex International Corporation
1724,mei,"Methode Electronics, Inc."
1725,gcv,Gabelli Convertible&Income Securities Fund
1726,glng,Golar LNG Limited
1727,ava,Avista Corporation
1728,nly,"Annaly Capital Management, Inc."
1729,hoft,Hooker Furniture Corporation
1730,man,ManpowerGroup Inc.
1731,fcx,Freeport-McMoRan Inc.
1732,amzn,"Amazon.com, Inc."
1733,sna,"Snap-on, Inc."
1734,mat,"Mattel, Inc."
1735,su,Suncor Energy Inc.
1736,mfc,Manulife Financial Corporation
1737,lsi,"Life Storage, Inc."
1738,ceqp,Crestwood Equity Partners LP
1739,mga,Magna International Inc.
1740,pkd,Parker Drilling Company
1741,eft,Eaton Vance Floating Rate Income Trust
1742,inap,Internap Network Services Corporation
1743,gdv,Gabelli Dividend & Income Trust (The)
1744,hlit,Harmonic Inc.
1745,ipar,"Inter Parfums, Inc."
1746,stkl,"SunOpta, Inc."
1747,ifn,India Fund
1748,erh,Wells Fargo Advantage Utilities&High Income Fund
1749,kerx,"Keryx Biopharmaceuticals, Inc."
1750,csu,Capital Senior Living Corporation
1751,hrc,"Hill-Rom Holdings, Inc."
1752,cat,Caterpillar Inc.
1753,gss,Golden Star Resource Corp
1754,ppt,Putnam Premier Income Trust
1755,int,World Fuel Services Corporation
1756,boom,DMC Global Inc.
1757,y,Alleghany Corporation
1758,foxa,"Twenty-First Century Fox, Inc."
1759,gbli,Global Indemnity plc
1760,xrx,Xerox Corporation
1761,hubg,"Hub Group, Inc."
1762,pra,ProAssurance Corporation
1763,uti,Universal Technical Institute
1764,asgn,"On Assignment, Inc."
1765,ntri,Nutrisystem Inc
1766,pwr,Quanta Services Inc.
1767,var,"Varian Medical Systems, Inc."
1768,ese,ESCO Technologies Inc.
1769,el,The EstÃ©e Lauder Companies Inc.
1770,eiv,Eaton Vance Municipal Bond Fund II
1771,cbu,"Community Bank System, Inc."
1772,oran,Orange
1773,mo,"Altria Group, Inc."
1774,kai,Kadant Inc.
1775,mvc,MVC Capital
1776,pdco,Patterson Companies Inc.
1777,ago,Assured Guaranty Ltd.
1778,sbux,Starbucks Corporation
1779,xcra,Xcerra Corporation
1780,fax,Aberdeen Asia-Pacific Income Fund
1781,bll,Ball Corporation
1782,tri,Thomson Reuters Corporation
1783,cohr,"Coherent, Inc."
1784,gden,"Golden Entertainment, Inc."
1785,fnb,F.N.B. Corporation
1786,tpr,"Tapestry, Inc."
1787,arlp,"Alliance Resource Partners, L.P."
1788,crt,Cross Timbers Royalty Trust
1789,dcom,"Dime Community Bancshares, Inc."
1790,tnp,Tsakos Energy Navigation Limited
1791,evlv,EVINE Live Inc.
1792,ppr,Voya Prime Rate Trust
1793,pbr,Petrobras - Petroleo Brasileiro S.A.
1794,jhs,John Hancock Income Securities Trust
1795,psa,Public Storage
1796,heb,"Hemispherx Biopharma, Inc"
1797,pni,PIMCO New York Municipal Income Fund II
1798,bvn,CompaÃ±Ã­a de Minas Buenaventura S.A.A.
1799,sho,"Sunstone Hotel Investors, Inc."
1800,asa,ASA Gold&Precious Metals
1801,epay,"Bottomline Technologies, Inc."
1802,extr,"Extreme Networks, Inc."
1803,has,"Hasbro, Inc."
1804,oln,Olin Corporation
1805,ohai,OHA Investment Corporation
1806,dsm,Dreyfus Strategic Municipal Bond Fund
1807,scg,SCANA Corporation
1808,fix,"Comfort Systems USA, Inc."
1809,emd,Western Asset Emerging Markets Debt Fund
1810,pkg,Packaging Corporation Of America
1811,sre,Sempra Energy
1812,sor,Source Capital
1813,hqh,Tekla Healthcare Investors
1814,cgnx,Cognex Corporation
1815,chco,City Holding Company
1816,mdu,"MDU Resources Group, Inc."
1817,wlk,Westlake Chemical Corporation
1818,krc,Kilroy Realty Corporation
1819,ens,EnerSys
1820,esl,Esterline Technologies Corporation
1821,ugp,Ultrapar Participacoes S.A.
1822,dis,The Walt Disney Company
1823,tpc,Tutor Perini Corporation
1824,mmt,MFS Multimarket Income Trust
1825,coke,Coca-Cola Bottling Co. Consolidated
1826,cbk,Christopher & Banks Corporation
1827,skyw,"SkyWest, Inc."
1828,mhn,BlackRock MuniHoldings New York Quality Fund
1829,tu,TELUS Corporation
1830,olp,"One Liberty Properties, Inc."
1831,sva,"Sinovac Biotech, Ltd."
1832,nhs,Neuberger Berman High Yield Strategies Fund
1833,deck,Deckers Outdoor Corporation
1834,jcom,"j2 Global, Inc."
1835,utf,Cohen&Steers Infrastructure Fund
1836,lrcx,Lam Research Corporation
1837,zbra,Zebra Technologies Corporation
1838,cry,"CryoLife, Inc."
1839,cfr,"Cullen/Frost Bankers, Inc."
1840,dvn,Devon Energy Corporation
1841,eeq,"Enbridge Energy Management, L.L.C."
1842,bkt,BlackRock Income Trust
1843,fms,Fresenius Medical Care AG & Co. KGAA
1844,nsl,Nuveen Senior Income Fund
1845,uqm,"UQM Technologies, Inc"
1846,bgfv,Big 5 Sporting Goods Corporation
1847,dgx,Quest Diagnostics Incorporated
1848,egov,NIC Inc.
1849,sjt,San Juan Basin Royalty Trust
1850,ilmn,"Illumina, Inc."
1851,nati,National Instruments Corporation
1852,grmn,Garmin Ltd.
1853,pacw,PacWest Bancorp
1854,hurc,"Hurco Companies, Inc."
1855,oi,"Owens-Illinois, Inc."
1856,ahl,Aspen Insurance Holdings Limited
1857,hmy,Harmony Gold Mining Company Limited
1858,ecpg,Encore Capital Group Inc
1859,yum,"Yum! Brands, Inc."
1860,nac,Nuveen California Quality Municipal Income Fund
1861,wri,Weingarten Realty Investors
1862,arcc,Ares Capital
1863,mdt,Medtronic plc
1864,hrb,H&R Block Inc.
1865,kt,KT Corporation
1866,onb,Old National Bancorp
1867,lyg,Lloyds Banking Group plc
1868,layn,Layne Christensen Company
1869,lcii,LCI Industries
1870,umc,United Microelectronics Corporation
1871,rop,"Roper Technologies, Inc."
1872,igr,CBRE Clarion Global Real Estate Income Fund
1873,jci,Johnson Controls International plc
1874,mho,"M/I Homes, Inc."
1875,aobc,American Outdoor Brands Corporation
1876,res,RPC Inc.
1877,pty,PIMCO Corporate&Income Opportunity Fund
1878,esv,Ensco PLC
1879,tac,TransAlta Corporation
1880,actg,Acacia Research Corporation
1881,dco,Ducommun Inc
1882,agen,Agenus
1883,gme,GameStop Corp.
1884,hp,Helmerich & Payne Inc.
1885,amgn,Amgen Inc.
1886,iaf,Aberdeen Australia Equity Fund
1887,cht,"Chunghwa Telecom Co., Ltd."
1888,mhk,Mohawk Industries Inc.
1889,afb,AllianceBernstein National Municipal Income Fund
1890,veco,Veeco Instruments Inc.
1891,hckt,"The Hackett Group, Inc."
1892,mfin,Medallion Financial
1893,colm,Columbia Sportswear Company
1894,noc,Northrop Grumman Corporation
1895,slab,"Silicon Laboratories, Inc."
1896,nbix,"Neurocrine Biosciences, Inc."
1897,fund,"Sprott Focus Trust, Inc."
1898,shpg,Shire PLC
1899,ibm,International Business Machines Corporation
1900,tst,"TheStreet, Inc."
1901,cls,Celestica Inc.
1902,intc,Intel Corporation
1903,fox,"Twenty-First Century Fox, Inc."
1904,tlrd,"Tailored Brands, Inc"
1905,wtr,"Aqua America, Inc."
1906,smsi,"Smith Micro Software, Inc."
1907,bcpc,Balchem Corporation
1908,rprx,Repros Therapeutics Inc.
1909,key,KeyCorp
1910,bbd,"Banco Bradesco, S.A."
1911,oia,Invesco Municipal Income Opportunities Trust
1912,ti,Telecom Italia S.P.A.
1913,lyts,LSI Industries Inc.
1914,ncv,AllianzGI Convertible&Income Fund
1915,hyb,New America High Income Fund
1916,xom,Exxon Mobil Corporation
1917,slgn,"Silgan Holdings, Inc."
1918,tup,Tupperware Brands Corporation
1919,omn,OMNOVA Solutions Inc.
1920,jec,Jacobs Engineering Group Inc.
1921,kamn,Kaman Corporation
1922,cs,Credit Suisse Group AG
1923,sti,"SunTrust Banks, Inc."
1924,gpx,GP Strategies Corporation
1925,sig,Signet Jewelers Limited
1926,ulh,"Universal Logistics Holdings, Inc."
1927,rgr,"Sturm, Ruger & Company Inc."
1928,omi,Owens & Minor Inc.
1929,algn,"Align Technology, Inc."
1930,afg,American Financial Group Inc.
1931,farm,Farmer Brothers Company
1932,hio,Western Asset High Income Opportunity Fund
1933,bbw,"Build-A-Bear Workshop, Inc."
1934,psmt,"PriceSmart, Inc."
1935,qsii,"Quality Systems, Inc."
1936,glw,Corning Inc.
1937,adsk,"Autodesk, Inc."
1938,orly,"O'Reilly Automotive, Inc."
1939,jnj,Johnson & Johnson
1940,nem,Newmont Mining Corporation (Holding Company)
1941,nov,"National Oilwell Varco, Inc."
1942,hal,Halliburton Company
1943,hson,"Hudson Global, Inc"
1944,osis,"OSI Systems, Inc."
1945,kex,Kirby Corporation
1946,itt,ITT Corporation
1947,rsys,RadiSys Corporation
1948,chs,"Chico's FAS, Inc."
1949,duc,Duff&Phelps Utility&Corporate Bond Trust
1950,pico,PICO Holdings Inc.
1951,bgg,Briggs & Stratton Corporation
1952,avdl,Avadel Pharmaceuticals plc
1953,db,Deutsche Bank AG
1954,wre,Washington Real Estate Investment
1955,snh,Senior Housing Properties Trust
1956,gut,Gabelli Utility Trust
1957,vhi,"Valhi, Inc."
1958,exel,"Exelixis, Inc."
1959,ssrm,SSR Mining Inc
1960,ffbc,First Financial Bancorp.
1961,b,Barnes Group Inc
1962,mscc,Microsemi Corporation
1963,kim,Kimco Realty Corporation
1964,hth,Hilltop Holdings Inc.
1965,slb,Schlumberger Limited
1966,cmcsa,Comcast Corporation
1967,fun,"Cedar Fair, L.P."
1968,cece,CECO Environmental Corp.
1969,orcl,Oracle Corporation
1970,syx,Systemax Inc.
1971,sina,Sina Corporation
1972,vicl,Vical Incorporated
1973,fdx,FedEx Corporation
1974,nmr,"Nomura Holdings, Inc."
1975,pmf,PIMCO Municipal Income Fund
1976,big,"Big Lots, Inc."
1977,pfn,Pimco Income Strategy Fund II
1978,arow,Arrow Financial Corporation
1979,mmlp,Martin Midstream Partners L.P.
1980,min,MFS Intermediate Income Trust
1981,vz,Verizon Communications
1982,fds,FactSet Research Systems Inc.
1983,reg,Regency Centers Corporation
1984,tsm,Taiwan Semiconductor Manufacturing Company Ltd.
1985,cpt,Camden Property Trust
1986,mtz,"MasTec, Inc."
1987,unt,Unit Corporation
1988,novt,Novanta Inc.
1989,acn,Accenture plc
